{"pid": 1112, "timestamp": 1766746653.17427, "datetime_utc": "2025-12-26T11:57:33.174270"}