{"pid": 4288, "timestamp": 1767699887.137593, "datetime_utc": "2026-01-06T12:44:47.137593"}