{"pid": 4288, "timestamp": 1767700052.143173, "datetime_utc": "2026-01-06T12:47:32.143173"}