{"pid": 3128, "timestamp": 1766778941.946125, "datetime_utc": "2025-12-26T20:55:41.946125"}